date_vente,region,magasin,type_produit,remise,prix_vente,profit
2022-01-01,Auvergne-Rhône-Alpes,Lyon Part-Dieu,Lunettes de soleil,0.0,295.07,106.4
2022-01-02,Occitanie,Paris 12e,Lunettes enfant,0.3,147.01,38.89
2022-01-03,Île-de-France,Paris 12e,Lunettes de vue,0.1,100.51,20.47
2022-01-04,Auvergne-Rhône-Alpes,Toulouse Blagnac,Lunettes de vue,0.0,113.8,30.99
2022-01-05,Auvergne-Rhône-Alpes,Lyon Part-Dieu,Lunettes de vue,0.0,265.1,130.63
2022-01-06,Occitanie,Paris 12e,Lunettes de vue,0.2,156.95,69.13
2022-01-07,Île-de-France,Toulouse Blagnac,Accessoires,0.1,120.73,58.9
2022-01-08,Île-de-France,Lyon Part-Dieu,Lunettes de vue,0.1,191.46,66.31
2022-01-09,Auvergne-Rhône-Alpes,Toulouse Blagnac,Accessoires,0.3,68.14,15.87
2022-01-10,Nouvelle-Aquitaine,Bordeaux,Accessoires,0.2,189.71,69.13
2022-01-11,Auvergne-Rhône-Alpes,Paris 12e,Lunettes de vue,0.0,152.63,51.33
2022-01-12,Auvergne-Rhône-Alpes,Bordeaux,Lunettes de vue,0.0,295.34,133.88
2022-01-13,Auvergne-Rhône-Alpes,Lyon Part-Dieu,Lunettes de soleil,0.0,163.8,37.58
2022-01-14,Auvergne-Rhône-Alpes,Bordeaux,Lunettes enfant,0.2,162.33,56.24
2022-01-15,Occitanie,Bordeaux,Lunettes de vue,0.0,83.14,20.37
2022-01-16,Île-de-France,Lyon Part-Dieu,Lunettes de soleil,0.1,89.6,26.65
2022-01-17,Occitanie,Toulouse Blagnac,Lunettes de soleil,0.2,148.78,62.67
2022-01-18,Occitanie,Bordeaux,Lunettes enfant,0.3,146.71,50.29
2022-01-19,Occitanie,Toulouse Blagnac,Accessoires,0.0,242.01,75.69
2022-01-20,Auvergne-Rhône-Alpes,Bordeaux,Lunettes de vue,0.2,127.0,40.43
2022-01-21,Nouvelle-Aquitaine,Toulouse Blagnac,Lunettes enfant,0.0,267.65,90.42
2022-01-22,Île-de-France,Lyon Part-Dieu,Lunettes de vue,0.2,249.79,108.78
2022-01-23,Nouvelle-Aquitaine,Bordeaux,Lunettes de soleil,0.0,290.56,135.87
2022-01-24,Occitanie,Lyon Part-Dieu,Lunettes de soleil,0.0,90.7,44.13
2022-01-25,Occitanie,Bordeaux,Accessoires,0.2,167.79,73.17
2022-01-26,Nouvelle-Aquitaine,Lyon Part-Dieu,Lunettes de soleil,0.0,108.33,31.92
2022-01-27,Nouvelle-Aquitaine,Lyon Part-Dieu,Lunettes de soleil,0.0,145.35,59.08
2022-01-28,Nouvelle-Aquitaine,Bordeaux,Lunettes enfant,0.2,277.12,91.8
2022-01-29,Occitanie,Bordeaux,Lunettes de vue,0.2,94.78,26.2
2022-01-30,Occitanie,Bordeaux,Lunettes de vue,0.1,193.23,87.39
2022-01-31,Île-de-France,Paris 12e,Lunettes enfant,0.2,197.52,41.78
2022-02-01,Île-de-France,Toulouse Blagnac,Accessoires,0.1,242.7,114.2
2022-02-02,Occitanie,Paris 12e,Lunettes de vue,0.0,231.11,78.22
2022-02-03,Nouvelle-Aquitaine,Paris 12e,Lunettes de soleil,0.0,82.64,32.33
2022-02-04,Nouvelle-Aquitaine,Lyon Part-Dieu,Lunettes de vue,0.0,168.14,66.89
2022-02-05,Île-de-France,Bordeaux,Lunettes de soleil,0.3,153.85,72.08
2022-02-06,Occitanie,Toulouse Blagnac,Accessoires,0.1,93.35,36.5
2022-02-07,Île-de-France,Lyon Part-Dieu,Lunettes enfant,0.1,157.2,60.39
2022-02-08,Île-de-France,Paris 12e,Lunettes de vue,0.1,80.07,17.62
2022-02-09,Auvergne-Rhône-Alpes,Bordeaux,Lunettes enfant,0.3,70.85,25.19
2022-02-10,Auvergne-Rhône-Alpes,Lyon Part-Dieu,Lunettes de vue,0.0,187.17,45.87
2022-02-11,Auvergne-Rhône-Alpes,Bordeaux,Lunettes de soleil,0.1,104.25,43.91
2022-02-12,Nouvelle-Aquitaine,Lyon Part-Dieu,Lunettes enfant,0.1,209.91,74.24
2022-02-13,Occitanie,Bordeaux,Lunettes de vue,0.1,239.54,96.79
2022-02-14,Occitanie,Paris 12e,Lunettes de soleil,0.0,296.16,62.93
2022-02-15,Occitanie,Toulouse Blagnac,Lunettes enfant,0.3,93.83,21.15
2022-02-16,Occitanie,Paris 12e,Lunettes enfant,0.3,87.65,36.37
2022-02-17,Auvergne-Rhône-Alpes,Toulouse Blagnac,Lunettes de vue,0.1,97.41,21.59
2022-02-18,Nouvelle-Aquitaine,Bordeaux,Lunettes de vue,0.2,201.47,44.6
2022-02-19,Nouvelle-Aquitaine,Lyon Part-Dieu,Lunettes de vue,0.3,189.52,38.59
2022-02-20,Auvergne-Rhône-Alpes,Paris 12e,Lunettes de soleil,0.2,70.82,34.49
2022-02-21,Nouvelle-Aquitaine,Toulouse Blagnac,Lunettes de vue,0.0,332.78,140.18
2022-02-22,Auvergne-Rhône-Alpes,Paris 12e,Lunettes enfant,0.1,84.63,25.89
2022-02-23,Occitanie,Toulouse Blagnac,Lunettes enfant,0.1,203.54,58.82
2022-02-24,Auvergne-Rhône-Alpes,Paris 12e,Lunettes de vue,0.1,244.3,74.49
2022-02-25,Occitanie,Toulouse Blagnac,Lunettes de vue,0.2,252.13,109.02
2022-02-26,Occitanie,Toulouse Blagnac,Accessoires,0.3,190.96,76.08
2022-02-27,Île-de-France,Bordeaux,Lunettes enfant,0.3,207.53,53.04
2022-02-28,Auvergne-Rhône-Alpes,Toulouse Blagnac,Lunettes de soleil,0.1,154.49,38.97
2022-03-01,Île-de-France,Bordeaux,Accessoires,0.0,300.0,68.86
2022-03-02,Auvergne-Rhône-Alpes,Toulouse Blagnac,Lunettes de vue,0.4,60.98,24.28
2022-03-03,Auvergne-Rhône-Alpes,Lyon Part-Dieu,Lunettes de vue,0.2,257.28,110.45
2022-03-04,Île-de-France,Lyon Part-Dieu,Lunettes enfant,0.0,227.85,63.69
2022-03-05,Île-de-France,Lyon Part-Dieu,Lunettes de vue,0.3,210.47,43.42
2022-03-06,Auvergne-Rhône-Alpes,Toulouse Blagnac,Lunettes de soleil,0.3,141.49,31.79
2022-03-07,Nouvelle-Aquitaine,Bordeaux,Lunettes enfant,0.1,228.39,111.99
2022-03-08,Occitanie,Bordeaux,Lunettes de vue,0.1,199.92,57.7
2022-03-09,Île-de-France,Toulouse Blagnac,Lunettes enfant,0.0,277.53,119.55
2022-03-10,Occitanie,Lyon Part-Dieu,Lunettes de vue,0.0,102.04,39.53
2022-03-11,Nouvelle-Aquitaine,Lyon Part-Dieu,Lunettes de vue,0.0,96.3,30.29
2022-03-12,Nouvelle-Aquitaine,Bordeaux,Lunettes de vue,0.2,117.37,30.72
2022-03-13,Nouvelle-Aquitaine,Lyon Part-Dieu,Lunettes de soleil,0.0,123.08,29.1
2022-03-14,Île-de-France,Paris 12e,Lunettes de soleil,0.0,315.38,121.26
2022-03-15,Nouvelle-Aquitaine,Bordeaux,Lunettes enfant,0.0,139.19,60.18
2022-03-16,Île-de-France,Lyon Part-Dieu,Lunettes de vue,0.1,309.14,121.54
2022-03-17,Nouvelle-Aquitaine,Bordeaux,Lunettes de vue,0.3,119.67,42.97
2022-03-18,Occitanie,Paris 12e,Lunettes de soleil,0.0,129.17,27.46
2022-03-19,Occitanie,Bordeaux,Lunettes de vue,0.0,293.22,143.84
2022-03-20,Auvergne-Rhône-Alpes,Bordeaux,Lunettes de soleil,0.2,206.28,90.68
2022-03-21,Occitanie,Bordeaux,Lunettes de vue,0.1,193.06,55.57
2022-03-22,Auvergne-Rhône-Alpes,Bordeaux,Lunettes enfant,0.0,229.95,113.59
2022-03-23,Occitanie,Paris 12e,Lunettes de vue,0.1,246.77,93.91
2022-03-24,Île-de-France,Toulouse Blagnac,Lunettes de vue,0.0,141.68,53.09
2022-03-25,Occitanie,Bordeaux,Accessoires,0.0,349.01,148.13
2022-03-26,Auvergne-Rhône-Alpes,Bordeaux,Lunettes de soleil,0.1,308.87,136.99
2022-03-27,Auvergne-Rhône-Alpes,Lyon Part-Dieu,Lunettes de vue,0.1,230.03,91.31
2022-03-28,Nouvelle-Aquitaine,Bordeaux,Lunettes de vue,0.3,93.71,22.34
2022-03-29,Île-de-France,Lyon Part-Dieu,Accessoires,0.0,263.66,79.49
2022-03-30,Occitanie,Toulouse Blagnac,Accessoires,0.1,89.54,42.84
2022-03-31,Nouvelle-Aquitaine,Paris 12e,Lunettes de soleil,0.1,79.45,21.24
2022-04-01,Occitanie,Paris 12e,Accessoires,0.0,149.57,46.61
2022-04-02,Occitanie,Toulouse Blagnac,Lunettes enfant,0.2,163.93,54.04
2022-04-03,Nouvelle-Aquitaine,Paris 12e,Accessoires,0.0,314.43,104.33
2022-04-04,Nouvelle-Aquitaine,Toulouse Blagnac,Lunettes enfant,0.4,165.8,63.65
2022-04-05,Nouvelle-Aquitaine,Toulouse Blagnac,Lunettes de soleil,0.0,280.53,135.47
2022-04-06,Nouvelle-Aquitaine,Toulouse Blagnac,Lunettes de soleil,0.1,175.39,47.74
2022-04-07,Nouvelle-Aquitaine,Paris 12e,Lunettes de soleil,0.0,173.4,41.0
2022-04-08,Occitanie,Lyon Part-Dieu,Lunettes de soleil,0.4,108.11,28.03
2022-04-09,Nouvelle-Aquitaine,Toulouse Blagnac,Lunettes de soleil,0.1,312.0,145.42
2022-04-10,Île-de-France,Bordeaux,Lunettes enfant,0.1,81.75,32.19
2022-04-11,Auvergne-Rhône-Alpes,Paris 12e,Lunettes enfant,0.0,314.1,89.76
2022-04-12,Nouvelle-Aquitaine,Toulouse Blagnac,Lunettes de soleil,0.2,188.99,84.06
2022-04-13,Nouvelle-Aquitaine,Toulouse Blagnac,Accessoires,0.0,198.43,90.96
2022-04-14,Occitanie,Bordeaux,Lunettes de vue,0.3,193.07,87.64
2022-04-15,Nouvelle-Aquitaine,Lyon Part-Dieu,Lunettes de soleil,0.0,211.4,100.56
2022-04-16,Nouvelle-Aquitaine,Lyon Part-Dieu,Accessoires,0.0,315.82,87.06
2022-04-17,Nouvelle-Aquitaine,Lyon Part-Dieu,Lunettes de vue,0.0,323.19,137.84
2022-04-18,Occitanie,Toulouse Blagnac,Lunettes de soleil,0.1,174.48,59.0
2022-04-19,Nouvelle-Aquitaine,Toulouse Blagnac,Lunettes de soleil,0.1,139.27,63.03
2022-04-20,Auvergne-Rhône-Alpes,Toulouse Blagnac,Lunettes enfant,0.0,239.93,100.42
2022-04-21,Occitanie,Paris 12e,Lunettes de vue,0.2,261.07,113.03
2022-04-22,Auvergne-Rhône-Alpes,Bordeaux,Lunettes de vue,0.1,123.19,48.89
2022-04-23,Occitanie,Toulouse Blagnac,Accessoires,0.1,223.38,56.57
2022-04-24,Nouvelle-Aquitaine,Bordeaux,Lunettes enfant,0.1,225.47,81.96
2022-04-25,Auvergne-Rhône-Alpes,Bordeaux,Lunettes enfant,0.1,250.15,123.92
2022-04-26,Occitanie,Lyon Part-Dieu,Lunettes enfant,0.1,103.97,50.03
2022-04-27,Île-de-France,Paris 12e,Lunettes enfant,0.0,273.27,58.19
2022-04-28,Nouvelle-Aquitaine,Toulouse Blagnac,Lunettes de vue,0.0,325.44,81.18
2022-04-29,Occitanie,Lyon Part-Dieu,Lunettes de vue,0.3,89.96,21.55
2022-04-30,Île-de-France,Lyon Part-Dieu,Lunettes de soleil,0.3,100.9,42.16
2022-05-01,Occitanie,Toulouse Blagnac,Lunettes de soleil,0.0,342.28,152.43
2022-05-02,Île-de-France,Bordeaux,Lunettes enfant,0.0,128.86,34.03
2022-05-03,Nouvelle-Aquitaine,Lyon Part-Dieu,Lunettes enfant,0.1,279.62,98.36
2022-05-04,Auvergne-Rhône-Alpes,Bordeaux,Lunettes enfant,0.1,191.62,86.65
2022-05-05,Île-de-France,Paris 12e,Lunettes de soleil,0.0,146.75,61.61
2022-05-06,Occitanie,Bordeaux,Accessoires,0.0,315.1,114.28
2022-05-07,Nouvelle-Aquitaine,Paris 12e,Accessoires,0.2,160.19,60.41
2022-05-08,Île-de-France,Bordeaux,Lunettes de soleil,0.2,175.2,61.76
2022-05-09,Occitanie,Lyon Part-Dieu,Lunettes de soleil,0.0,176.99,51.2
2022-05-10,Occitanie,Lyon Part-Dieu,Lunettes de soleil,0.0,240.1,88.72
2022-05-11,Occitanie,Paris 12e,Lunettes de soleil,0.0,124.15,50.49
2022-05-12,Île-de-France,Toulouse Blagnac,Lunettes de soleil,0.2,148.47,68.59
2022-05-13,Île-de-France,Paris 12e,Lunettes de soleil,0.0,341.74,133.58
2022-05-14,Île-de-France,Paris 12e,Lunettes enfant,0.0,149.7,64.12
2022-05-15,Auvergne-Rhône-Alpes,Bordeaux,Lunettes enfant,0.2,205.86,51.06
2022-05-16,Île-de-France,Bordeaux,Lunettes enfant,0.0,167.8,56.79
2022-05-17,Île-de-France,Paris 12e,Lunettes enfant,0.2,231.07,46.86
2022-05-18,Île-de-France,Lyon Part-Dieu,Lunettes de soleil,0.0,115.34,31.6
2022-05-19,Auvergne-Rhône-Alpes,Bordeaux,Accessoires,0.0,341.85,142.87
2022-05-20,Île-de-France,Toulouse Blagnac,Lunettes de vue,0.0,202.52,100.76
2022-05-21,Occitanie,Bordeaux,Lunettes de soleil,0.2,114.99,26.42
2022-05-22,Île-de-France,Bordeaux,Lunettes de vue,0.3,69.89,22.4
2022-05-23,Occitanie,Toulouse Blagnac,Accessoires,0.2,100.67,44.3
2022-05-24,Occitanie,Paris 12e,Lunettes enfant,0.0,220.34,57.56
2022-05-25,Occitanie,Toulouse Blagnac,Accessoires,0.2,136.79,50.14
2022-05-26,Auvergne-Rhône-Alpes,Paris 12e,Lunettes de soleil,0.0,303.8,127.57
2022-05-27,Auvergne-Rhône-Alpes,Paris 12e,Lunettes enfant,0.0,196.34,75.55
2022-05-28,Auvergne-Rhône-Alpes,Paris 12e,Lunettes de soleil,0.3,103.01,26.41
2022-05-29,Île-de-France,Toulouse Blagnac,Lunettes enfant,0.0,246.63,75.62
2022-05-30,Occitanie,Paris 12e,Lunettes de vue,0.0,270.83,117.85
2022-05-31,Auvergne-Rhône-Alpes,Lyon Part-Dieu,Lunettes de vue,0.0,125.1,45.82
2022-06-01,Auvergne-Rhône-Alpes,Toulouse Blagnac,Lunettes de vue,0.0,125.26,25.25
2022-06-02,Île-de-France,Lyon Part-Dieu,Accessoires,0.0,89.9,38.5
2022-06-03,Auvergne-Rhône-Alpes,Paris 12e,Lunettes de soleil,0.1,250.95,52.85
2022-06-04,Île-de-France,Bordeaux,Accessoires,0.1,233.3,98.85
2022-06-05,Nouvelle-Aquitaine,Paris 12e,Lunettes de vue,0.3,145.71,37.99
2022-06-06,Auvergne-Rhône-Alpes,Lyon Part-Dieu,Lunettes de soleil,0.2,246.34,120.07
2022-06-07,Nouvelle-Aquitaine,Lyon Part-Dieu,Lunettes de vue,0.0,297.53,92.35
2022-06-08,Île-de-France,Toulouse Blagnac,Accessoires,0.0,238.05,70.96
2022-06-09,Occitanie,Bordeaux,Accessoires,0.0,314.43,76.93
2022-06-10,Auvergne-Rhône-Alpes,Toulouse Blagnac,Accessoires,0.1,122.02,35.59
2022-06-11,Île-de-France,Lyon Part-Dieu,Lunettes de vue,0.0,110.22,51.03
2022-06-12,Occitanie,Paris 12e,Lunettes de soleil,0.1,137.55,68.62
2022-06-13,Occitanie,Bordeaux,Lunettes de soleil,0.1,85.87,26.66
2022-06-14,Nouvelle-Aquitaine,Paris 12e,Lunettes de vue,0.1,201.07,67.27
2022-06-15,Île-de-France,Paris 12e,Lunettes de soleil,0.1,299.6,124.82
2022-06-16,Occitanie,Bordeaux,Lunettes de vue,0.0,90.62,42.22
2022-06-17,Auvergne-Rhône-Alpes,Toulouse Blagnac,Lunettes de soleil,0.3,79.08,29.89
2022-06-18,Auvergne-Rhône-Alpes,Paris 12e,Lunettes enfant,0.2,161.67,51.32
2022-06-19,Nouvelle-Aquitaine,Lyon Part-Dieu,Lunettes enfant,0.0,332.15,107.55
2022-06-20,Occitanie,Paris 12e,Accessoires,0.3,115.75,47.31
2022-06-21,Île-de-France,Bordeaux,Lunettes enfant,0.1,195.26,39.24
2022-06-22,Auvergne-Rhône-Alpes,Bordeaux,Lunettes enfant,0.3,63.86,24.64
2022-06-23,Occitanie,Bordeaux,Lunettes enfant,0.2,96.04,29.45
2022-06-24,Occitanie,Toulouse Blagnac,Lunettes de vue,0.1,311.75,136.63
2022-06-25,Nouvelle-Aquitaine,Paris 12e,Lunettes enfant,0.0,340.58,77.62
2022-06-26,Auvergne-Rhône-Alpes,Toulouse Blagnac,Lunettes enfant,0.0,81.33,30.62
2022-06-27,Auvergne-Rhône-Alpes,Toulouse Blagnac,Accessoires,0.1,303.29,104.42
2022-06-28,Île-de-France,Bordeaux,Lunettes enfant,0.1,227.31,89.26
2022-06-29,Auvergne-Rhône-Alpes,Bordeaux,Lunettes enfant,0.0,314.34,68.98
2022-06-30,Île-de-France,Toulouse Blagnac,Lunettes de soleil,0.0,202.78,75.84
2022-07-01,Auvergne-Rhône-Alpes,Paris 12e,Accessoires,0.2,175.37,64.61
2022-07-02,Nouvelle-Aquitaine,Lyon Part-Dieu,Accessoires,0.4,127.19,46.83
2022-07-03,Auvergne-Rhône-Alpes,Toulouse Blagnac,Accessoires,0.1,234.05,89.18
2022-07-04,Île-de-France,Paris 12e,Accessoires,0.0,117.71,47.43
2022-07-05,Île-de-France,Bordeaux,Accessoires,0.0,88.09,38.89
2022-07-06,Nouvelle-Aquitaine,Bordeaux,Accessoires,0.0,163.14,45.83
2022-07-07,Auvergne-Rhône-Alpes,Paris 12e,Lunettes de vue,0.3,189.18,84.66
2022-07-08,Auvergne-Rhône-Alpes,Lyon Part-Dieu,Lunettes enfant,0.0,134.5,47.0
2022-07-09,Nouvelle-Aquitaine,Bordeaux,Accessoires,0.1,235.64,52.58
2022-07-10,Auvergne-Rhône-Alpes,Bordeaux,Lunettes enfant,0.0,341.88,74.38
2022-07-11,Auvergne-Rhône-Alpes,Bordeaux,Lunettes enfant,0.1,94.82,28.47
2022-07-12,Île-de-France,Paris 12e,Lunettes de vue,0.2,209.28,91.13
2022-07-13,Auvergne-Rhône-Alpes,Toulouse Blagnac,Accessoires,0.2,159.85,65.91
2022-07-14,Auvergne-Rhône-Alpes,Bordeaux,Lunettes de soleil,0.0,314.4,137.26
2022-07-15,Nouvelle-Aquitaine,Toulouse Blagnac,Lunettes de vue,0.0,127.83,45.4
2022-07-16,Nouvelle-Aquitaine,Lyon Part-Dieu,Lunettes de soleil,0.0,267.01,88.66
2022-07-17,Occitanie,Bordeaux,Lunettes enfant,0.3,214.4,52.36
2022-07-18,Île-de-France,Bordeaux,Lunettes enfant,0.3,234.53,70.0
2022-07-19,Auvergne-Rhône-Alpes,Lyon Part-Dieu,Lunettes de vue,0.1,238.03,78.6
2022-07-20,Auvergne-Rhône-Alpes,Bordeaux,Lunettes de vue,0.1,192.81,43.69
2022-07-21,Occitanie,Toulouse Blagnac,Lunettes de soleil,0.2,197.46,52.56
2022-07-22,Auvergne-Rhône-Alpes,Paris 12e,Accessoires,0.0,314.6,119.38
2022-07-23,Île-de-France,Toulouse Blagnac,Lunettes de soleil,0.3,163.85,68.93
2022-07-24,Occitanie,Paris 12e,Lunettes de vue,0.1,79.38,39.65
2022-07-25,Île-de-France,Paris 12e,Lunettes de soleil,0.0,331.36,159.03
2022-07-26,Occitanie,Toulouse Blagnac,Lunettes de vue,0.1,239.56,94.09
2022-07-27,Occitanie,Toulouse Blagnac,Lunettes de soleil,0.0,262.66,85.73
2022-07-28,Nouvelle-Aquitaine,Toulouse Blagnac,Lunettes de vue,0.0,138.23,54.03
2022-07-29,Île-de-France,Toulouse Blagnac,Lunettes de vue,0.2,206.32,89.89
2022-07-30,Auvergne-Rhône-Alpes,Lyon Part-Dieu,Lunettes de vue,0.0,186.34,43.88
2022-07-31,Auvergne-Rhône-Alpes,Bordeaux,Accessoires,0.1,230.25,74.36
2022-08-01,Île-de-France,Paris 12e,Lunettes de soleil,0.0,108.78,49.16
2022-08-02,Auvergne-Rhône-Alpes,Toulouse Blagnac,Lunettes de soleil,0.0,257.62,81.19
2022-08-03,Auvergne-Rhône-Alpes,Toulouse Blagnac,Lunettes de soleil,0.0,349.84,129.99
2022-08-04,Île-de-France,Toulouse Blagnac,Lunettes de vue,0.0,93.02,35.01
2022-08-05,Occitanie,Lyon Part-Dieu,Lunettes de soleil,0.2,275.07,70.24
2022-08-06,Île-de-France,Toulouse Blagnac,Lunettes de soleil,0.0,189.87,58.61
2022-08-07,Occitanie,Toulouse Blagnac,Lunettes de vue,0.1,283.59,85.18
2022-08-08,Auvergne-Rhône-Alpes,Toulouse Blagnac,Lunettes enfant,0.1,262.12,54.48
2022-08-09,Auvergne-Rhône-Alpes,Bordeaux,Lunettes de vue,0.2,186.48,38.65
2022-08-10,Auvergne-Rhône-Alpes,Lyon Part-Dieu,Lunettes de soleil,0.3,195.57,87.91
2022-08-11,Nouvelle-Aquitaine,Toulouse Blagnac,Lunettes de vue,0.2,253.76,71.54
2022-08-12,Occitanie,Paris 12e,Lunettes enfant,0.0,189.12,67.22
2022-08-13,Nouvelle-Aquitaine,Paris 12e,Lunettes de vue,0.0,168.3,48.74
2022-08-14,Nouvelle-Aquitaine,Paris 12e,Lunettes de soleil,0.0,260.25,125.49
2022-08-15,Île-de-France,Lyon Part-Dieu,Lunettes enfant,0.1,268.31,74.53
2022-08-16,Nouvelle-Aquitaine,Lyon Part-Dieu,Accessoires,0.0,285.82,94.01
2022-08-17,Île-de-France,Paris 12e,Lunettes de soleil,0.1,265.87,122.78
2022-08-18,Île-de-France,Toulouse Blagnac,Lunettes enfant,0.1,177.85,80.49
2022-08-19,Nouvelle-Aquitaine,Lyon Part-Dieu,Lunettes enfant,0.0,300.82,76.96
2022-08-20,Occitanie,Paris 12e,Accessoires,0.2,89.97,39.66
2022-08-21,Occitanie,Paris 12e,Lunettes de vue,0.0,227.01,76.61
2022-08-22,Occitanie,Toulouse Blagnac,Lunettes de vue,0.0,81.55,28.13
2022-08-23,Occitanie,Bordeaux,Lunettes de soleil,0.2,134.11,32.19
2022-08-24,Occitanie,Lyon Part-Dieu,Accessoires,0.1,161.05,36.1
2022-08-25,Nouvelle-Aquitaine,Toulouse Blagnac,Lunettes de vue,0.2,149.57,62.58
2022-08-26,Nouvelle-Aquitaine,Paris 12e,Accessoires,0.1,241.0,84.09
2022-08-27,Auvergne-Rhône-Alpes,Paris 12e,Lunettes de vue,0.0,184.91,61.22
2022-08-28,Occitanie,Toulouse Blagnac,Lunettes enfant,0.2,160.92,67.4
2022-08-29,Nouvelle-Aquitaine,Lyon Part-Dieu,Lunettes de vue,0.2,115.31,49.54
2022-08-30,Auvergne-Rhône-Alpes,Bordeaux,Accessoires,0.2,144.62,35.82
2022-08-31,Occitanie,Bordeaux,Lunettes enfant,0.0,141.36,54.15
2022-09-01,Île-de-France,Paris 12e,Lunettes enfant,0.1,89.79,21.6
2022-09-02,Auvergne-Rhône-Alpes,Lyon Part-Dieu,Lunettes enfant,0.0,242.93,103.35
2022-09-03,Nouvelle-Aquitaine,Bordeaux,Accessoires,0.0,260.42,103.41
2022-09-04,Île-de-France,Lyon Part-Dieu,Lunettes de soleil,0.3,173.08,84.29
2022-09-05,Île-de-France,Lyon Part-Dieu,Lunettes de soleil,0.0,205.14,45.27
2022-09-06,Île-de-France,Paris 12e,Lunettes de soleil,0.4,109.53,23.78
2022-09-07,Auvergne-Rhône-Alpes,Bordeaux,Accessoires,0.1,281.79,80.21
2022-09-08,Nouvelle-Aquitaine,Toulouse Blagnac,Lunettes enfant,0.0,220.15,61.31
2022-09-09,Île-de-France,Paris 12e,Lunettes de soleil,0.1,188.44,51.65
2022-09-10,Occitanie,Bordeaux,Accessoires,0.3,60.85,28.71
2022-09-11,Île-de-France,Bordeaux,Lunettes de soleil,0.2,137.71,37.85
2022-09-12,Île-de-France,Bordeaux,Lunettes de vue,0.2,146.12,41.15
2022-09-13,Auvergne-Rhône-Alpes,Bordeaux,Lunettes de soleil,0.2,150.15,64.24
2022-09-14,Auvergne-Rhône-Alpes,Bordeaux,Lunettes de soleil,0.2,189.32,63.41
2022-09-15,Nouvelle-Aquitaine,Lyon Part-Dieu,Lunettes enfant,0.2,179.26,77.62
2022-09-16,Occitanie,Paris 12e,Accessoires,0.0,244.13,53.61
2022-09-17,Auvergne-Rhône-Alpes,Lyon Part-Dieu,Lunettes enfant,0.1,257.87,89.29
2022-09-18,Île-de-France,Toulouse Blagnac,Lunettes enfant,0.0,299.51,62.92
2022-09-19,Nouvelle-Aquitaine,Bordeaux,Lunettes enfant,0.4,164.34,35.96
2022-09-20,Île-de-France,Paris 12e,Lunettes enfant,0.3,236.59,111.65
2022-09-21,Île-de-France,Bordeaux,Lunettes enfant,0.0,84.92,20.53
2022-09-22,Auvergne-Rhône-Alpes,Paris 12e,Lunettes de soleil,0.2,106.29,38.24
2022-09-23,Nouvelle-Aquitaine,Lyon Part-Dieu,Lunettes enfant,0.3,57.43,18.57
2022-09-24,Occitanie,Paris 12e,Lunettes enfant,0.0,254.82,77.52
2022-09-25,Occitanie,Toulouse Blagnac,Accessoires,0.1,290.22,136.39
2022-09-26,Auvergne-Rhône-Alpes,Toulouse Blagnac,Lunettes de vue,0.3,102.02,21.07
2022-09-27,Auvergne-Rhône-Alpes,Paris 12e,Lunettes de soleil,0.0,330.3,131.83
2022-09-28,Nouvelle-Aquitaine,Paris 12e,Lunettes de soleil,0.2,77.02,37.66
2022-09-29,Occitanie,Paris 12e,Lunettes de soleil,0.0,332.3,122.3
2022-09-30,Occitanie,Paris 12e,Lunettes enfant,0.3,122.46,58.91
2022-10-01,Occitanie,Toulouse Blagnac,Lunettes enfant,0.4,64.43,13.9
2022-10-02,Île-de-France,Bordeaux,Lunettes enfant,0.3,147.83,48.14
2022-10-03,Occitanie,Paris 12e,Accessoires,0.1,134.4,37.37
2022-10-04,Île-de-France,Paris 12e,Lunettes de vue,0.3,109.84,46.05
2022-10-05,Nouvelle-Aquitaine,Toulouse Blagnac,Lunettes enfant,0.2,130.37,64.45
2022-10-06,Île-de-France,Toulouse Blagnac,Lunettes de vue,0.0,296.82,82.21
2022-10-07,Nouvelle-Aquitaine,Lyon Part-Dieu,Accessoires,0.2,180.46,71.51
2022-10-08,Occitanie,Paris 12e,Lunettes de soleil,0.0,164.05,42.56
2022-10-09,Occitanie,Lyon Part-Dieu,Lunettes enfant,0.1,220.31,81.43
2022-10-10,Nouvelle-Aquitaine,Toulouse Blagnac,Lunettes de vue,0.0,273.36,92.72
2022-10-11,Auvergne-Rhône-Alpes,Toulouse Blagnac,Lunettes de vue,0.0,153.61,75.51
2022-10-12,Nouvelle-Aquitaine,Bordeaux,Lunettes enfant,0.0,191.66,73.32
2022-10-13,Auvergne-Rhône-Alpes,Paris 12e,Lunettes de soleil,0.2,90.33,27.54
2022-10-14,Île-de-France,Lyon Part-Dieu,Lunettes de soleil,0.0,128.91,30.19
2022-10-15,Île-de-France,Toulouse Blagnac,Lunettes de soleil,0.2,211.12,51.8
2022-10-16,Île-de-France,Toulouse Blagnac,Accessoires,0.0,128.99,34.52
2022-10-17,Occitanie,Lyon Part-Dieu,Lunettes de vue,0.0,221.79,61.06
2022-10-18,Île-de-France,Bordeaux,Lunettes de vue,0.1,244.3,111.2
2022-10-19,Auvergne-Rhône-Alpes,Toulouse Blagnac,Lunettes de vue,0.2,87.09,32.08
2022-10-20,Île-de-France,Paris 12e,Accessoires,0.0,233.17,83.25
2022-10-21,Nouvelle-Aquitaine,Toulouse Blagnac,Lunettes de vue,0.1,134.34,31.49
2022-10-22,Nouvelle-Aquitaine,Paris 12e,Accessoires,0.3,237.99,109.01
2022-10-23,Occitanie,Lyon Part-Dieu,Lunettes de soleil,0.1,189.5,78.99
2022-10-24,Nouvelle-Aquitaine,Paris 12e,Lunettes enfant,0.0,297.62,65.57
2022-10-25,Auvergne-Rhône-Alpes,Lyon Part-Dieu,Lunettes de vue,0.0,228.56,94.25
2022-10-26,Île-de-France,Paris 12e,Lunettes de vue,0.3,64.2,23.31
2022-10-27,Occitanie,Lyon Part-Dieu,Lunettes de soleil,0.0,250.95,56.34
2022-10-28,Île-de-France,Paris 12e,Lunettes enfant,0.3,235.82,79.59
2022-10-29,Île-de-France,Bordeaux,Accessoires,0.1,218.19,75.36
2022-10-30,Auvergne-Rhône-Alpes,Paris 12e,Lunettes enfant,0.3,210.83,52.65
2022-10-31,Nouvelle-Aquitaine,Paris 12e,Lunettes de soleil,0.2,254.99,123.34
2022-11-01,Nouvelle-Aquitaine,Bordeaux,Lunettes de soleil,0.4,84.95,38.65
2022-11-02,Île-de-France,Toulouse Blagnac,Lunettes enfant,0.0,137.25,55.0
2022-11-03,Occitanie,Toulouse Blagnac,Accessoires,0.2,195.97,66.37
2022-11-04,Nouvelle-Aquitaine,Paris 12e,Accessoires,0.1,171.88,55.61
2022-11-05,Occitanie,Bordeaux,Lunettes de vue,0.1,276.09,109.14
2022-11-06,Nouvelle-Aquitaine,Paris 12e,Accessoires,0.1,290.71,105.71
2022-11-07,Occitanie,Lyon Part-Dieu,Lunettes enfant,0.3,122.8,26.85
2022-11-08,Auvergne-Rhône-Alpes,Lyon Part-Dieu,Lunettes de soleil,0.4,86.37,30.55
2022-11-09,Occitanie,Paris 12e,Lunettes de vue,0.2,232.59,102.79
2022-11-10,Auvergne-Rhône-Alpes,Toulouse Blagnac,Lunettes de vue,0.1,138.78,46.88
2022-11-11,Auvergne-Rhône-Alpes,Toulouse Blagnac,Lunettes de soleil,0.1,271.9,58.62
2022-11-12,Occitanie,Paris 12e,Accessoires,0.2,155.53,67.79
2022-11-13,Auvergne-Rhône-Alpes,Paris 12e,Lunettes de soleil,0.0,260.24,67.77
2022-11-14,Île-de-France,Lyon Part-Dieu,Accessoires,0.0,105.79,29.37
2022-11-15,Auvergne-Rhône-Alpes,Toulouse Blagnac,Lunettes de soleil,0.0,248.44,61.96
2022-11-16,Nouvelle-Aquitaine,Paris 12e,Lunettes enfant,0.0,201.98,60.41
2022-11-17,Occitanie,Lyon Part-Dieu,Accessoires,0.0,238.38,101.79
2022-11-18,Île-de-France,Toulouse Blagnac,Lunettes enfant,0.0,125.36,44.61
2022-11-19,Occitanie,Bordeaux,Lunettes de vue,0.0,278.96,72.94
2022-11-20,Nouvelle-Aquitaine,Lyon Part-Dieu,Lunettes de soleil,0.0,312.96,145.01
2022-11-21,Nouvelle-Aquitaine,Toulouse Blagnac,Lunettes de vue,0.4,83.11,38.55
2022-11-22,Nouvelle-Aquitaine,Toulouse Blagnac,Lunettes de vue,0.1,95.26,43.93
2022-11-23,Auvergne-Rhône-Alpes,Lyon Part-Dieu,Lunettes de vue,0.0,86.38,23.46
2022-11-24,Auvergne-Rhône-Alpes,Bordeaux,Lunettes de vue,0.2,202.67,67.97
2022-11-25,Occitanie,Lyon Part-Dieu,Lunettes de soleil,0.0,243.92,120.86
2022-11-26,Occitanie,Toulouse Blagnac,Lunettes de vue,0.3,159.33,68.77
2022-11-27,Île-de-France,Paris 12e,Lunettes de soleil,0.2,114.1,23.75
2022-11-28,Île-de-France,Paris 12e,Lunettes de soleil,0.0,185.54,40.74
2022-11-29,Occitanie,Lyon Part-Dieu,Lunettes enfant,0.1,216.46,73.42
2022-11-30,Auvergne-Rhône-Alpes,Toulouse Blagnac,Accessoires,0.3,149.89,70.86
2022-12-01,Nouvelle-Aquitaine,Paris 12e,Accessoires,0.3,242.69,87.76
2022-12-02,Occitanie,Toulouse Blagnac,Lunettes de soleil,0.1,105.15,36.73
2022-12-03,Île-de-France,Lyon Part-Dieu,Lunettes enfant,0.1,240.92,55.81
2022-12-04,Auvergne-Rhône-Alpes,Paris 12e,Lunettes de soleil,0.0,189.17,75.11
2022-12-05,Occitanie,Toulouse Blagnac,Lunettes de soleil,0.4,117.37,52.42
2022-12-06,Occitanie,Paris 12e,Lunettes de soleil,0.0,273.75,85.99
2022-12-07,Auvergne-Rhône-Alpes,Lyon Part-Dieu,Lunettes enfant,0.3,186.87,80.86
2022-12-08,Occitanie,Toulouse Blagnac,Accessoires,0.1,312.88,153.11
2022-12-09,Auvergne-Rhône-Alpes,Paris 12e,Lunettes enfant,0.1,103.2,26.95
2022-12-10,Nouvelle-Aquitaine,Lyon Part-Dieu,Lunettes de vue,0.1,97.3,34.74
2022-12-11,Auvergne-Rhône-Alpes,Paris 12e,Lunettes enfant,0.0,275.57,78.85
2022-12-12,Auvergne-Rhône-Alpes,Paris 12e,Lunettes enfant,0.0,236.16,103.4
2022-12-13,Auvergne-Rhône-Alpes,Bordeaux,Lunettes enfant,0.0,154.02,57.49
2022-12-14,Occitanie,Bordeaux,Lunettes enfant,0.0,101.44,39.6
2022-12-15,Occitanie,Lyon Part-Dieu,Accessoires,0.2,82.5,36.25
2022-12-16,Auvergne-Rhône-Alpes,Bordeaux,Lunettes de vue,0.0,321.43,102.47
2022-12-17,Occitanie,Lyon Part-Dieu,Accessoires,0.0,131.8,62.54
2022-12-18,Île-de-France,Bordeaux,Accessoires,0.4,100.39,36.13
2022-12-19,Île-de-France,Paris 12e,Lunettes enfant,0.3,98.84,24.45
2022-12-20,Occitanie,Lyon Part-Dieu,Lunettes de soleil,0.3,123.09,50.32
2022-12-21,Occitanie,Lyon Part-Dieu,Lunettes de soleil,0.4,59.25,25.95
2022-12-22,Auvergne-Rhône-Alpes,Paris 12e,Accessoires,0.0,220.15,64.95
2022-12-23,Nouvelle-Aquitaine,Lyon Part-Dieu,Accessoires,0.0,98.26,44.92
2022-12-24,Occitanie,Lyon Part-Dieu,Lunettes enfant,0.2,236.88,111.77
2022-12-25,Île-de-France,Bordeaux,Accessoires,0.2,114.48,32.41
2022-12-26,Auvergne-Rhône-Alpes,Lyon Part-Dieu,Lunettes enfant,0.0,225.8,111.78
2022-12-27,Occitanie,Toulouse Blagnac,Lunettes de soleil,0.2,254.1,61.55
2022-12-28,Île-de-France,Paris 12e,Lunettes de soleil,0.0,255.74,66.65
2022-12-29,Île-de-France,Bordeaux,Lunettes de vue,0.0,223.9,57.15
2022-12-30,Nouvelle-Aquitaine,Bordeaux,Lunettes de soleil,0.1,150.81,70.61
2022-12-31,Auvergne-Rhône-Alpes,Toulouse Blagnac,Accessoires,0.1,152.92,60.6
2023-01-01,Auvergne-Rhône-Alpes,Paris 12e,Lunettes de soleil,0.1,234.69,57.65
2023-01-02,Nouvelle-Aquitaine,Paris 12e,Lunettes enfant,0.0,348.42,115.71
2023-01-03,Nouvelle-Aquitaine,Bordeaux,Lunettes de soleil,0.3,181.09,69.65
2023-01-04,Auvergne-Rhône-Alpes,Lyon Part-Dieu,Lunettes de vue,0.0,230.6,51.89
2023-01-05,Auvergne-Rhône-Alpes,Bordeaux,Lunettes de soleil,0.0,277.28,128.86
2023-01-06,Occitanie,Paris 12e,Lunettes enfant,0.3,143.92,63.48
2023-01-07,Occitanie,Toulouse Blagnac,Lunettes enfant,0.4,57.74,20.3
2023-01-08,Nouvelle-Aquitaine,Bordeaux,Accessoires,0.3,162.27,79.53
2023-01-09,Occitanie,Paris 12e,Lunettes de soleil,0.2,270.85,88.12
2023-01-10,Île-de-France,Bordeaux,Lunettes enfant,0.2,101.87,50.45
2023-01-11,Occitanie,Lyon Part-Dieu,Lunettes de vue,0.1,239.67,95.96
2023-01-12,Occitanie,Bordeaux,Accessoires,0.0,134.25,52.41
2023-01-13,Île-de-France,Bordeaux,Lunettes de vue,0.1,202.21,50.51
2023-01-14,Nouvelle-Aquitaine,Paris 12e,Lunettes de soleil,0.0,106.1,49.29
2023-01-15,Île-de-France,Paris 12e,Lunettes de soleil,0.0,201.6,66.17
2023-01-16,Occitanie,Paris 12e,Lunettes de soleil,0.2,227.33,56.53
2023-01-17,Nouvelle-Aquitaine,Bordeaux,Accessoires,0.1,156.46,31.88
2023-01-18,Occitanie,Lyon Part-Dieu,Lunettes enfant,0.0,259.53,95.49
2023-01-19,Île-de-France,Toulouse Blagnac,Accessoires,0.0,294.77,105.59
2023-01-20,Île-de-France,Toulouse Blagnac,Lunettes de vue,0.2,264.27,109.89
2023-01-21,Occitanie,Paris 12e,Accessoires,0.0,143.35,66.96
2023-01-22,Auvergne-Rhône-Alpes,Paris 12e,Lunettes de vue,0.3,131.47,29.43
2023-01-23,Auvergne-Rhône-Alpes,Bordeaux,Accessoires,0.1,109.04,45.74
2023-01-24,Île-de-France,Toulouse Blagnac,Lunettes enfant,0.1,313.17,80.24
2023-01-25,Île-de-France,Paris 12e,Lunettes de vue,0.1,297.26,135.98
2023-01-26,Auvergne-Rhône-Alpes,Lyon Part-Dieu,Lunettes de soleil,0.2,180.63,80.51
2023-01-27,Auvergne-Rhône-Alpes,Lyon Part-Dieu,Lunettes de soleil,0.0,307.35,111.33
2023-01-28,Occitanie,Paris 12e,Accessoires,0.2,176.53,72.92
2023-01-29,Occitanie,Paris 12e,Lunettes de soleil,0.1,223.53,65.79
2023-01-30,Auvergne-Rhône-Alpes,Toulouse Blagnac,Lunettes de vue,0.0,104.06,35.52
2023-01-31,Occitanie,Toulouse Blagnac,Lunettes de soleil,0.3,198.75,88.74
2023-02-01,Occitanie,Bordeaux,Lunettes enfant,0.2,91.59,30.94
2023-02-02,Nouvelle-Aquitaine,Toulouse Blagnac,Lunettes enfant,0.2,242.43,74.51
2023-02-03,Occitanie,Lyon Part-Dieu,Accessoires,0.3,203.8,70.98
2023-02-04,Île-de-France,Lyon Part-Dieu,Lunettes de vue,0.3,189.95,85.19
2023-02-05,Occitanie,Paris 12e,Lunettes enfant,0.2,71.81,21.58
2023-02-06,Occitanie,Toulouse Blagnac,Lunettes enfant,0.2,129.48,32.65
2023-02-07,Auvergne-Rhône-Alpes,Bordeaux,Lunettes de vue,0.2,120.83,49.98
2023-02-08,Île-de-France,Lyon Part-Dieu,Lunettes de soleil,0.2,141.79,63.49
2023-02-09,Occitanie,Lyon Part-Dieu,Lunettes de soleil,0.1,93.3,21.48
2023-02-10,Occitanie,Bordeaux,Accessoires,0.2,266.38,72.45
2023-02-11,Nouvelle-Aquitaine,Bordeaux,Lunettes de soleil,0.0,229.53,55.68
2023-02-12,Occitanie,Lyon Part-Dieu,Lunettes de vue,0.3,113.74,34.62
2023-02-13,Occitanie,Lyon Part-Dieu,Lunettes enfant,0.3,131.03,43.91
2023-02-14,Nouvelle-Aquitaine,Bordeaux,Lunettes de soleil,0.0,200.74,85.24
2023-02-15,Auvergne-Rhône-Alpes,Lyon Part-Dieu,Accessoires,0.2,193.73,76.59
2023-02-16,Occitanie,Paris 12e,Lunettes de soleil,0.0,219.23,84.68
2023-02-17,Nouvelle-Aquitaine,Paris 12e,Lunettes de vue,0.0,328.24,100.35
2023-02-18,Île-de-France,Bordeaux,Accessoires,0.2,171.34,77.52
2023-02-19,Auvergne-Rhône-Alpes,Toulouse Blagnac,Lunettes de soleil,0.0,347.88,118.76
2023-02-20,Île-de-France,Bordeaux,Accessoires,0.2,247.91,122.4
2023-02-21,Île-de-France,Bordeaux,Lunettes de vue,0.2,109.04,42.55
2023-02-22,Nouvelle-Aquitaine,Toulouse Blagnac,Lunettes enfant,0.1,298.13,70.92
2023-02-23,Occitanie,Toulouse Blagnac,Lunettes de vue,0.0,111.42,44.89
2023-02-24,Nouvelle-Aquitaine,Toulouse Blagnac,Lunettes de vue,0.0,300.71,89.47
2023-02-25,Nouvelle-Aquitaine,Paris 12e,Lunettes de vue,0.1,164.49,66.77
2023-02-26,Nouvelle-Aquitaine,Lyon Part-Dieu,Lunettes de vue,0.4,190.23,42.02
2023-02-27,Nouvelle-Aquitaine,Paris 12e,Lunettes enfant,0.1,282.94,71.43
2023-02-28,Auvergne-Rhône-Alpes,Lyon Part-Dieu,Lunettes enfant,0.0,297.6,135.92
2023-03-01,Occitanie,Paris 12e,Accessoires,0.1,263.98,70.79
2023-03-02,Île-de-France,Lyon Part-Dieu,Lunettes de soleil,0.1,146.04,65.88
2023-03-03,Île-de-France,Paris 12e,Lunettes enfant,0.2,81.48,23.12
2023-03-04,Occitanie,Toulouse Blagnac,Lunettes enfant,0.0,188.8,74.17
2023-03-05,Île-de-France,Bordeaux,Lunettes de soleil,0.2,101.48,41.43
2023-03-06,Occitanie,Paris 12e,Lunettes enfant,0.1,240.87,85.22
2023-03-07,Île-de-France,Lyon Part-Dieu,Lunettes de vue,0.4,104.07,30.35
2023-03-08,Nouvelle-Aquitaine,Toulouse Blagnac,Lunettes de vue,0.0,343.41,90.59
2023-03-09,Île-de-France,Paris 12e,Lunettes de soleil,0.1,227.76,47.82
2023-03-10,Occitanie,Paris 12e,Accessoires,0.3,211.45,61.57
2023-03-11,Occitanie,Toulouse Blagnac,Accessoires,0.0,115.78,45.84
2023-03-12,Occitanie,Paris 12e,Lunettes de soleil,0.3,218.92,105.41
2023-03-13,Occitanie,Bordeaux,Lunettes de soleil,0.2,263.32,121.49
2023-03-14,Occitanie,Paris 12e,Lunettes de vue,0.0,211.51,90.91
2023-03-15,Auvergne-Rhône-Alpes,Bordeaux,Accessoires,0.0,243.69,106.38
2023-03-16,Auvergne-Rhône-Alpes,Bordeaux,Lunettes enfant,0.2,229.2,91.56
2023-03-17,Île-de-France,Toulouse Blagnac,Lunettes de vue,0.0,127.21,35.38
2023-03-18,Occitanie,Paris 12e,Lunettes de soleil,0.1,194.12,91.66
2023-03-19,Île-de-France,Toulouse Blagnac,Accessoires,0.0,187.64,75.28
2023-03-20,Occitanie,Paris 12e,Lunettes enfant,0.1,107.57,39.6
2023-03-21,Occitanie,Paris 12e,Lunettes enfant,0.0,179.23,41.81
2023-03-22,Auvergne-Rhône-Alpes,Lyon Part-Dieu,Lunettes de vue,0.3,68.88,23.01
2023-03-23,Auvergne-Rhône-Alpes,Paris 12e,Accessoires,0.4,52.18,17.64
2023-03-24,Nouvelle-Aquitaine,Toulouse Blagnac,Accessoires,0.4,69.9,32.11
2023-03-25,Auvergne-Rhône-Alpes,Bordeaux,Lunettes de soleil,0.2,272.03,99.02
2023-03-26,Nouvelle-Aquitaine,Paris 12e,Accessoires,0.0,228.37,71.74
2023-03-27,Nouvelle-Aquitaine,Lyon Part-Dieu,Accessoires,0.2,272.62,134.41
2023-03-28,Nouvelle-Aquitaine,Toulouse Blagnac,Lunettes de vue,0.0,196.77,45.89
2023-03-29,Nouvelle-Aquitaine,Paris 12e,Accessoires,0.0,164.19,53.65
2023-03-30,Nouvelle-Aquitaine,Toulouse Blagnac,Lunettes enfant,0.0,216.66,46.06
2023-03-31,Île-de-France,Lyon Part-Dieu,Lunettes de vue,0.1,178.8,75.45
2023-04-01,Auvergne-Rhône-Alpes,Lyon Part-Dieu,Lunettes de vue,0.2,86.82,41.28
2023-04-02,Nouvelle-Aquitaine,Toulouse Blagnac,Lunettes de soleil,0.2,202.42,57.49
2023-04-03,Occitanie,Paris 12e,Accessoires,0.1,124.5,56.96
2023-04-04,Auvergne-Rhône-Alpes,Bordeaux,Lunettes de soleil,0.0,247.29,71.14
2023-04-05,Auvergne-Rhône-Alpes,Lyon Part-Dieu,Lunettes enfant,0.4,153.33,72.56
2023-04-06,Nouvelle-Aquitaine,Paris 12e,Lunettes de vue,0.1,108.94,46.43
2023-04-07,Île-de-France,Paris 12e,Lunettes de vue,0.1,86.91,38.37
2023-04-08,Nouvelle-Aquitaine,Bordeaux,Lunettes de vue,0.0,290.81,59.73
2023-04-09,Île-de-France,Lyon Part-Dieu,Lunettes enfant,0.2,163.32,79.84
2023-04-10,Occitanie,Lyon Part-Dieu,Lunettes enfant,0.2,76.56,32.0
2023-04-11,Auvergne-Rhône-Alpes,Paris 12e,Lunettes de soleil,0.0,348.61,101.59
2023-04-12,Occitanie,Paris 12e,Lunettes de soleil,0.0,95.6,42.91
2023-04-13,Île-de-France,Bordeaux,Lunettes de soleil,0.2,214.13,60.91
2023-04-14,Île-de-France,Bordeaux,Accessoires,0.2,276.47,127.68
2023-04-15,Occitanie,Lyon Part-Dieu,Lunettes de vue,0.0,144.58,33.8
2023-04-16,Île-de-France,Toulouse Blagnac,Lunettes de vue,0.4,71.04,29.2
2023-04-17,Occitanie,Lyon Part-Dieu,Lunettes de soleil,0.0,112.77,40.85
2023-04-18,Auvergne-Rhône-Alpes,Paris 12e,Lunettes de vue,0.1,145.7,33.36
2023-04-19,Occitanie,Lyon Part-Dieu,Lunettes de soleil,0.3,75.1,20.47
2023-04-20,Auvergne-Rhône-Alpes,Toulouse Blagnac,Accessoires,0.1,240.2,48.93
2023-04-21,Occitanie,Bordeaux,Accessoires,0.1,87.14,29.68
2023-04-22,Île-de-France,Toulouse Blagnac,Lunettes enfant,0.0,217.54,63.17
2023-04-23,Occitanie,Toulouse Blagnac,Accessoires,0.0,349.11,132.49
2023-04-24,Île-de-France,Toulouse Blagnac,Lunettes de soleil,0.4,179.86,52.01
2023-04-25,Occitanie,Bordeaux,Accessoires,0.1,221.5,64.23
2023-04-26,Occitanie,Toulouse Blagnac,Lunettes enfant,0.3,113.88,48.17
2023-04-27,Nouvelle-Aquitaine,Toulouse Blagnac,Lunettes de vue,0.0,248.45,53.28
2023-04-28,Île-de-France,Toulouse Blagnac,Lunettes de soleil,0.0,222.3,104.67
2023-04-29,Nouvelle-Aquitaine,Paris 12e,Lunettes de vue,0.0,195.04,88.88
2023-04-30,Île-de-France,Toulouse Blagnac,Lunettes enfant,0.2,92.23,36.92
2023-05-01,Nouvelle-Aquitaine,Bordeaux,Lunettes enfant,0.0,319.38,120.71
2023-05-02,Auvergne-Rhône-Alpes,Toulouse Blagnac,Lunettes enfant,0.3,141.01,65.95
2023-05-03,Occitanie,Toulouse Blagnac,Lunettes de vue,0.1,119.29,30.49
2023-05-04,Île-de-France,Bordeaux,Lunettes de vue,0.4,107.58,24.06
2023-05-05,Île-de-France,Toulouse Blagnac,Lunettes de vue,0.0,191.82,52.15
2023-05-06,Occitanie,Bordeaux,Lunettes de vue,0.3,212.4,93.11
2023-05-07,Île-de-France,Toulouse Blagnac,Lunettes enfant,0.2,222.46,46.81
2023-05-08,Île-de-France,Bordeaux,Lunettes enfant,0.2,230.17,86.28
2023-05-09,Nouvelle-Aquitaine,Toulouse Blagnac,Lunettes de soleil,0.2,66.38,33.1
2023-05-10,Île-de-France,Toulouse Blagnac,Lunettes de soleil,0.2,153.89,70.28
2023-05-11,Auvergne-Rhône-Alpes,Paris 12e,Lunettes de vue,0.1,188.97,67.36
2023-05-12,Auvergne-Rhône-Alpes,Paris 12e,Accessoires,0.0,85.18,18.66
2023-05-13,Occitanie,Toulouse Blagnac,Accessoires,0.0,150.15,67.48
2023-05-14,Île-de-France,Toulouse Blagnac,Lunettes enfant,0.3,199.69,75.82
2023-05-15,Occitanie,Lyon Part-Dieu,Lunettes enfant,0.1,105.32,24.7
